{"right":["add_account","add_area","add_expense","add_order","add_order_delivery","add_payment_collection","add_product","add_user_role","current_location","device_report","edit_account","edit_area","edit_expense","edit_order","edit_order_delivery","edit_payment_collection","edit_product","edit_user_role","enable_logout","export_account","export_area","export_order","export_product","import_account","import_area","import_order_delivery","import_product","manage_account_device","manage_team_activity","manage_activity_type","manage_company_profile","manage_custom_field","manage_expense_type","manage_news","manage_payment_type","manage_priority","manage_product_category","manage_product_unit","manage_setting","manage_subscription","manage_transport","manage_user_device","manage_visit_feedback_type","manage_price_group","modify_user","orderwise_delivery_report","order_report","productwise_delivery_report","read_account","read_area","read_expense","read_order","read_payment_collection","read_product","read_user","read_user_role","sales_add_first_level_account","sales_app_access","sales_edit_first_level_account","sales_edit_discount","sales_edit_price","sales_report","send_message","user_location","user_performance","visit_locator","visit_report","payment_collection_report","activity_report","rotten_report","user_attendance","access_all_account","access_all_user","export_user","target_report","sales_order","sales_payment_collection","sales_expense","sales_news","sales_message","team_report","all_delivery_report","manage_holiday","manage_leave","manage_leave_type","outstanding_report","manage_tnc","manage_prefix","expense_report","sales_track_location","read_order_delivery","manage_activity","sales_activity","manage_template","sales_edit_order","sales_change_order_status","sales_primary_dispatch","edit_price","edit_discount","edit_tax","sales_edit_geo_tag","sales_punchout_report","productive_visit_report","my_map_locator_report","activity_assign_to_all","sales_activity_assign_to_all","sales_return_report","convert_to_order","sales_convert_to_order","sales_customer","export_order_delivery","export_expense","export_payment_collection","manage_request_log","sales_manage_team_activity","sales_manage_team_expense"],"user":{"id":1,"name":"Billu","thumbnail_url":null,"email":"billu@micro.com","user_group":"admin","registered_no":null,"login_via":"password","username":"billu@micro.com","support_contact_no":null,"register_company_email":"billu@micro.com","register_company_no":"8787665764"},"setting":{"id":1,"company_id":1,"customer_discount_status":0,"order_note":null,"send_order_mail":0,"send_dispatch_mail":0,"send_account_mail":0,"account_unique_key":"name","product_unique_key":"name","account_assign":"areawise","show_categorywise":0,"newest_first":0,"product_priority":"a_to_z","product_category_priority":"a_to_z","track_user":1,"track_time_start":"09:00:00","track_time_end":"20:00:00","track_frequency":15,"track_forcefully":1,"mtr_per_min":2000,"enable_secondary_sales":0,"customer_level":["Superstockist","Distributor","Dealer","Sub Dealer"],"send_order_mail_to_owner":0,"count_bundle_quantity":0,"enable_target":0,"enable_user_route":0,"order_product_remark":0,"sale_quotation_product_remark":0,"invoice_product_remark":0,"dispatch_product_remark":0,"estimate_product_remark":0,"sales_return_product_remark":0,"enable_user_hierarchy":0,"currency":"INR","currency_decimal_code":"&#8377;","indiamart_config":{"status":0,"contact_no":"","api_key":"","last_fetch":""},"manage_account_stock":0,"display_account_stock":0,"unit_config":{"multi_unit":"0","display_all":"0"},"stock_config":{"enable_batch":"0","enable_en13":"0","enable_barcode":"0"},"display_stock":0,"sms_config":{"status":0,"use_custom":0},"mail_config":{"status":0},"whatsapp_config":{"status":0},"enable_gst":0,"tnc_config":{"enable_order":"0","enable_payment_collection":"0","enable_purchase_order":"0"},"enable_work_profile":0,"multiorder_dispatch":0,"po_autofill_price":0,"auto_register_device":"{\"sales\":\"first\",\"customer\":\"first\"}","enable_invoice":0,"enable_sale_quotation":0,"enable_estimate":0,"enable_sales_return":0,"enable_order_autoclose":1,"enable_job_autoclose":1,"enable_po_autoclose":1,"display_order_stock":0,"restrict_order_on_stock":0,"restrict_order_on_outstanding":0,"enable_charge":0,"geofencing":{"status":0,"enable_account":0,"radius":25},"enable_customer_priority":0,"enable_hsn_code":0,"zoho_config":{"status":"0","account_api_url":"","api_url":"","access_token":"","refresh_token":"","token_expire_time":"","client_id":"","client_secret":"","organization_id":""},"enable_complaint":0,"account_code_autogenerate":0,"enable_multi_brand":0,"enable_order_to":0,"brandwise_parent":0,"show_multi_price":0,"supplier_wise_product":0,"enable_phone_call_recording":0,"enable_visit_voice_recording":0,"enable_account_category":0,"tally_config":"{\"billwise_payment\":0}","customer_app_config":"{\"can_edit_order\":0,\"can_edit_sales_return\":0,\"brand_compulsory\":0,\"display_stock\":0}","customer_config":{"manage_account_stock":0,"calculate_stock_base":"customer_dispatch","access_customer":0,"modify_customer":0,"access_product":0,"restrict_dispatch_on_stock":0,"brand_compulsory":0,"manage_account_brand":0,"display_stock":0},"autoclose_config":"{\"enable_order_autoclose\":1,\"enable_job_autoclose\":1,\"enable_po_autoclose\":1}","remark_config":{"product_remark":0,"order_product_remark":0,"sale_quotation_product_remark":0,"estimate_product_remark":0,"sales_return_product_remark":0,"invoice_product_remark":0,"dispatch_product_remark":0,"deal_product_remark":0,"purchase_order_product_remark":0},"order_config":{"enable_vendor_po_no":0},"lead_config":{"unique_key":"name"},"lead_followup_reminder_days":0,"enable_user_wise_expense_type":0,"cloud_telephony_config":{"status":0},"enable_customer_target":0,"enable_multi_currency":0,"enable_meta_lead_campaign":0,"enable_otp_login":0,"itp":"2023-06-02 18:43:39","utp":"2023-06-02 18:43:39"},"software":["koops","klt"],"unit":{"1":{"id":1,"name":"PCS","decimal_point":2},"2":{"id":2,"name":"KGS","decimal_point":2},"3":{"id":3,"name":"MTR","decimal_point":2}},"sub_end_date":"12-06-2023","google_api_key":"AIzaSyCSzh8KJ_rjg53tFXis2YKu0_yVw1VdymA","advance_feature":1,"is_custom":0}